{
	"Id": "loot_alarm_pult (3)1336728",
	"IsStatic": false,
	"useGravity": false,
	"randomRotation": false,
	"Position": {
		"x": -231.327515,
		"y": 5.269,
		"z": -312.286743
	},
	"Rotation": {
		"x": 90,
		"y": 58.78391,
		"z": 0
	},
	"IsGroupPosition": true,
	"GroupPositions": [
		{
			"Name": "groupPosition[0]",
			"Weight": 33,
			"Position": {
				"x": -181.633011,
				"y": 1.04699993,
				"z": -356.657562
			},
			"Rotation": {
				"x": 90,
				"y": 0,
				"z": 0
			}
		},
		{
			"Name": "groupPosition[1]",
			"Weight": 33,
			"Position": {
				"x": -172.989716,
				"y": 5.138,
				"z": -343.798859
			},
			"Rotation": {
				"x": 90,
				"y": 296.042236,
				"z": 0
			}
		},
		{
			"Name": "groupPosition[2]",
			"Weight": 33,
			"Position": {
				"x": -231.327515,
				"y": 5.269,
				"z": -312.286743
			},
			"Rotation": {
				"x": 90,
				"y": 58.78391,
				"z": 0
			}
		}
	],
	"Root": "5c8a662986f77437fc3e6e74",
	"Items": [
		{
			"_id": "5c8a662986f77437fc3e6e74",
			"_tpl": "5c1d0d6d86f7744bb2683e1f"
		}
	]
}