{
	"Id": "Loot_key_lab_arsenal (2)5533060",
	"IsStatic": false,
	"useGravity": false,
	"randomRotation": true,
	"Position": {
		"x": 184.551025,
		"y": 3.5221,
		"z": 182.53421
	},
	"Rotation": {
		"x": 90,
		"y": 222.347092,
		"z": 0
	},
	"IsGroupPosition": true,
	"GroupPositions": [
		{
			"Name": "groupPosition[0]",
			"Weight": 33,
			"Position": {
				"x": 503.981445,
				"y": 15.641,
				"z": 93.68913
			},
			"Rotation": {
				"x": 90,
				"y": -0.00000482967243,
				"z": 0
			}
		},
		{
			"Name": "groupPosition[1]",
			"Weight": 33,
			"Position": {
				"x": 417.748535,
				"y": 2.052,
				"z": 32.88263
			},
			"Rotation": {
				"x": 90,
				"y": 320.806274,
				"z": 0
			}
		},
		{
			"Name": "groupPosition[2]",
			"Weight": 33,
			"Position": {
				"x": 184.551025,
				"y": 3.5221,
				"z": 182.53421
			},
			"Rotation": {
				"x": 90,
				"y": 222.347092,
				"z": 0
			}
		}
	],
	"Root": "5db5d069cd1e3d3a94509058",
	"Items": [
		{
			"_id": "5db5d069cd1e3d3a94509058",
			"_tpl": "5c1f79a086f7746ed066fb8f"
		}
	]
}