{
	"Id": "loot_test_weap_work_zone (1)1336378",
	"IsStatic": false,
	"useGravity": false,
	"randomRotation": false,
	"Position": {
		"x": -138.48587,
		"y": 5.171,
		"z": -283.100525
	},
	"Rotation": {
		"x": 270,
		"y": 44.7493935,
		"z": 0
	},
	"IsGroupPosition": true,
	"GroupPositions": [
		{
			"Name": "groupPosition[0]",
			"Weight": 33,
			"Position": {
				"x": -241.6116,
				"y": 0.633999944,
				"z": -294.8935
			},
			"Rotation": {
				"x": 270,
				"y": 318.158142,
				"z": 0
			}
		},
		{
			"Name": "groupPosition[1]",
			"Weight": 33,
			"Position": {
				"x": -252.689743,
				"y": 5.131,
				"z": -320.529541
			},
			"Rotation": {
				"x": 270,
				"y": 286.425446,
				"z": 0
			}
		},
		{
			"Name": "groupPosition[2]",
			"Weight": 33,
			"Position": {
				"x": -138.48587,
				"y": 5.171,
				"z": -283.100525
			},
			"Rotation": {
				"x": 270,
				"y": 44.7493935,
				"z": 0
			}
		}
	],
	"Root": "5c8a662186f774283a1ca95c",
	"Items": [
		{
			"_id": "5c8a662186f774283a1ca95c",
			"_tpl": "5c1e2d1f86f77431e9280bee"
		}
	]
}